<?xml version="1.0" encoding="UTF-8"?>
<Profile xmlns="http://soap.sforce.com/2006/04/metadata">
    
    <tabVisibilities>
        <tab>Hello__c</tab>
        <visibility>DefaultOn</visibility>
    </tabVisibilities>
    
    
    <objectPermissions>
        <object>Hello__c</object>
        <allowCreate>true</allowCreate>
        <allowRead>true</allowRead>
        <allowEdit>true</allowEdit>
        <allowDelete>true</allowDelete>
        <modifyAllRecords>true</modifyAllRecords>
        <viewAllRecords>true</viewAllRecords>
    </objectPermissions>
</Profile>