<?xml version="1.0" encoding="UTF-8"?>
<Profile xmlns="http://soap.sforce.com/2006/04/metadata">
    
    <objectPermissions>
        <object>Hello__c</object>
        <allowCreate>true</allowCreate>
        <allowRead>true</allowRead>
        <allowEdit>true</allowEdit>
        <allowDelete>true</allowDelete>
        <modifyAllRecords>true</modifyAllRecords>
        <viewAllRecords>true</viewAllRecords>
    </objectPermissions>
    
    <fieldPermissions>
        <field>Hello__c.Hello_Update__c</field>
        <readable>true</readable>
        <editable>true</editable>
    </fieldPermissions>
    <fieldPermissions>
        <field>Hello__c.Established__c</field>
        <readable>true</readable>
        <editable>true</editable>
    </fieldPermissions>
</Profile>