<?xml version="1.0" encoding="UTF-8"?>
<Profile xmlns="http://soap.sforce.com/2006/04/metadata">
    
    <fieldPermissions>
        <editable>true</editable>
        <field>Customer__c.Last_Name__c</field>
        <readable>true</readable>
    </fieldPermissions>
    <fieldPermissions>
        <editable>true</editable>
        <field>Customer__c.Middle_Name__c</field>
        <readable>true</readable>
    </fieldPermissions>
    <tabVisibilities>
        <tab>Customer__c</tab>
        <visibility>DefaultOn</visibility>
    </tabVisibilities>
</Profile>