<?xml version="1.0" encoding="UTF-8"?>
<Profile xmlns="http://soap.sforce.com/2006/04/metadata">
    
    <tabVisibilities>
        <tab>Mass_Upload__c</tab>
        <visibility>DefaultOn</visibility>
    </tabVisibilities>
    
    <fieldPermissions>
        <field>Mass_Upload__c.Try2__c</field>
        <readable>true</readable>
        <editable>true</editable>
    </fieldPermissions>
    
    <objectPermissions>
        <object>Mass_Upload__c</object>
        <allowCreate>true</allowCreate>
        <allowRead>true</allowRead>
        <allowEdit>true</allowEdit>
        <allowDelete>true</allowDelete>
        <modifyAllRecords>true</modifyAllRecords>
        <viewAllRecords>true</viewAllRecords>
    </objectPermissions>
</Profile>