<?xml version="1.0" encoding="UTF-8"?>
<Profile xmlns="http://soap.sforce.com/2006/04/metadata">
    <fieldPermissions>
        <field>Account.Acc1__c</field>
        <readable>true</readable>
        <editable>true</editable>
    </fieldPermissions>
    <fieldPermissions>
        <field>Account.Acc2__c</field>
        <readable>true</readable>
        <editable>true</editable>
    </fieldPermissions>
    <fieldPermissions>
        <field>Account.Acc3__c</field>
        <readable>true</readable>
        <editable>true</editable>
    </fieldPermissions>
    <fieldPermissions>
        <field>Account.Acc4__c</field>
        <readable>true</readable>
        <editable>true</editable>
    </fieldPermissions>
    <fieldPermissions>
        <field>Account.Acc5__c</field>
        <readable>true</readable>
        <editable>true</editable>
    </fieldPermissions>
    <fieldPermissions>
        <field>Contact.Con1__c</field>
        <readable>true</readable>
        <editable>true</editable>
    </fieldPermissions>
    <fieldPermissions>
        <field>Contact.Con2__c</field>
        <readable>true</readable>
        <editable>true</editable>
    </fieldPermissions>
    <fieldPermissions>
        <field>Contact.Con3__c</field>
        <readable>true</readable>
        <editable>true</editable>
    </fieldPermissions>
    <fieldPermissions>
        <field>Contact.Con4__c</field>
        <readable>true</readable>
        <editable>true</editable>
    </fieldPermissions>
    <fieldPermissions>
        <field>Contact.Con5__c</field>
        <readable>true</readable>
        <editable>true</editable>
    </fieldPermissions>
</Profile>