<?xml version="1.0" encoding="UTF-8"?>
<Profile xmlns="http://soap.sforce.com/2006/04/metadata">
    
    <fieldPermissions>
        <field>Object1__c.First__c</field>
        <readable>true</readable>
        <editable>true</editable>
    </fieldPermissions>
    <fieldPermissions>
        <field>Object1__c.Second__c</field>
        <readable>true</readable>
        <editable>true</editable>
    </fieldPermissions>
    <fieldPermissions>
        <field>Object2__c.Third__c</field>
        <readable>true</readable>
        <editable>true</editable>
    </fieldPermissions>
    <fieldPermissions>
        <field>Object2__c.Fourth__c</field>
        <readable>true</readable>
        <editable>true</editable>
    </fieldPermissions>
    
    <objectPermissions>
        <object>Object1__c</object>
        <allowCreate>true</allowCreate>
        <allowRead>true</allowRead>
        <allowEdit>true</allowEdit>
        <allowDelete>true</allowDelete>
        <modifyAllRecords>true</modifyAllRecords>
        <viewAllRecords>true</viewAllRecords>
    </objectPermissions>
    <objectPermissions>
        <object>Object2__c</object>
        <allowCreate>true</allowCreate>
        <allowRead>true</allowRead>
        <allowEdit>true</allowEdit>
        <allowDelete>true</allowDelete>
        <modifyAllRecords>true</modifyAllRecords>
        <viewAllRecords>true</viewAllRecords>
    </objectPermissions>
</Profile>