<?xml version="1.0" encoding="UTF-8"?>
<Profile xmlns="http://soap.sforce.com/2006/04/metadata">
    
    <tabVisibilities>
        <tab>Bulk_Test__c</tab>
        <visibility>DefaultOn</visibility>
    </tabVisibilities>
    
    <fieldPermissions>
        <field>Bulk_Test__c.One__c</field>
        <readable>true</readable>
        <editable>true</editable>
    </fieldPermissions>
    <fieldPermissions>
        <field>Bulk_Test__c.Two__c</field>
        <readable>true</readable>
        <editable>true</editable>
    </fieldPermissions>
    <fieldPermissions>
        <field>Bulk_Test__c.Three__c</field>
        <readable>true</readable>
        <editable>true</editable>
    </fieldPermissions>
    <fieldPermissions>
        <field>Bulk_Test__c.Four__c</field>
        <readable>true</readable>
        <editable>true</editable>
    </fieldPermissions>
    <fieldPermissions>
        <field>Bulk_Test__c.Five__c</field>
        <readable>true</readable>
        <editable>true</editable>
    </fieldPermissions>
    
    <objectPermissions>
        <object>Bulk_Test__c</object>
        <allowCreate>true</allowCreate>
        <allowRead>true</allowRead>
        <allowEdit>true</allowEdit>
        <allowDelete>true</allowDelete>
        <modifyAllRecords>true</modifyAllRecords>
        <viewAllRecords>true</viewAllRecords>
    </objectPermissions>
</Profile>