<?xml version="1.0" encoding="UTF-8"?>
<Profile xmlns="http://soap.sforce.com/2006/04/metadata">
    <tabVisibilities>
        <tab>Breaking_News__C__c</tab>
        <visibility>DefaultOn</visibility>
    </tabVisibilities>

    <objectPermissions>
        <object>Breaking_News__C__c</object>
        <allowCreate>true</allowCreate>
        <allowRead>true</allowRead>
        <allowEdit>true</allowEdit>
        <allowDelete>true</allowDelete>
        <modifyAllRecords>true</modifyAllRecords>
        <viewAllRecords>true</viewAllRecords>
    </objectPermissions>
    
    <fieldPermissions>
        <field>Breaking_News__C__c.Title__c</field>
        <readable>true</readable>
        <editable>true</editable>
    </fieldPermissions>
    <fieldPermissions>
        <field>Breaking_News__C__c.Author__c</field>
        <readable>true</readable>
        <editable>true</editable>
    </fieldPermissions>
    <fieldPermissions>
        <field>Breaking_News__C__c.Has_Impace__c</field>
        <readable>true</readable>
        <editable>true</editable>
    </fieldPermissions>
</Profile>